INSERT INTO `denuncias_departamentos` (`id`, `nombre_dep`, `mapa`, `region_id`) VALUES
(1, 'Alta Verapaz', 'gt-av', 2),
(2, 'Baja Verapaz', 'gt-bv', 2),
(3, 'Chimaltenango', 'gt-cm', 1),
(4, 'Chiquimula', 'gt-cq', 4),
(5, 'El Progreso', 'gt-pr', 4),
(6, 'Escuintla', 'gt-es', 3),
(7, 'Guatemala', 'gt-gu', 1),
(8, 'Huehuetenango', 'gt-hu', 5),
(9, 'Izabal', 'gt-iz', 4),
(10, 'Jalapa', 'gt-ja', 4),
(11, 'Jutiapa', 'gt-ju', 4),
(12, 'Petén', 'gt-pe', 2),
(13, 'Quetzaltenango', 'gt-qz', 5),
(14, 'Quiché', 'gt-qc', 5),
(15, 'Retalhuleu', 'gt-re', 3),
(16, 'Sacatepéquez', 'gt-sa', 1),
(17, 'San Marcos', 'gt-sm', 5),
(18, 'Santa Rosa', 'gt-sr', 4),
(19, 'Solola', 'gt-so', 5),
(20, 'Suchitepéquez', 'gt-su', 3),
(21, 'Totonicapán', 'gt-to', 5),
(22, 'Zacapa', 'gt-za', 4);

INSERT INTO `denuncias_municipios` (`id`, `nombre_mun`, `departamento_id`) VALUES
(1, 'Chahal', 1),
(2, 'Chisec', 1),
(3, 'Cobán', 1),
(4, 'Fray Bartolomé de las Casas', 1),
(5, 'La Tinta', 1),
(6, 'Lanquín', 1),
(7, 'Panzós', 1),
(8, 'Raxruhá', 1),
(9, 'San Cristóbal Verapaz', 1),
(10, 'San Juan Chamelco', 1),
(11, 'San Pedro Carchá', 1),
(12, 'Santa Cruz Verapaz', 1),
(13, 'Santa María Cahabón', 1),
(14, 'Senahú', 1),
(15, 'Tamahú', 1),
(16, 'Tactic', 1),
(17, 'Tucurú', 1),
(18, 'Cubulco', 2),
(19, 'Granados', 2),
(20, 'Purulhá', 2),
(21, 'Rabinal', 2),
(22, 'Salamá', 2),
(23, 'San Jerónimo', 2),
(24, 'San Miguel Chicaj', 2),
(25, 'Santa Cruz el Chol', 2),
(26, 'Acatenango', 3),
(27, 'Chimaltenango', 3),
(28, 'El Tejar', 3),
(29, 'Parramos', 3),
(30, 'Patzicía', 3),
(31, 'Patzún', 3),
(32, 'Pochuta', 3),
(33, 'San Andrés Itzapa', 3),
(34, 'San José Poaquíl', 3),
(35, 'San Juan Comalapa', 3),
(36, 'San Martín Jilotepeque', 3),
(37, 'Santa Apolonia', 3),
(38, 'Santa Cruz Balanyá', 3),
(39, 'Tecpán', 3),
(40, 'Yepocapa', 3),
(41, 'Zaragoza', 3),
(42, 'Camotán', 4),
(43, 'Chiquimula', 4),
(44, 'Concepción Las Minas', 4),
(45, 'Esquipulas', 4),
(46, 'Ipala', 4),
(47, 'Jocotán', 4),
(48, 'Olopa', 4),
(49, 'Quezaltepeque', 4),
(50, 'San Jacinto', 4),
(51, 'San José la Arada', 4),
(52, 'San Juan Ermita', 4),
(53, 'El Jícaro', 5),
(54, 'Guastatoya', 5),
(55, 'Morazán', 5),
(56, 'San Agustín Acasaguastlán', 5),
(57, 'San Antonio La Paz', 5),
(58, 'San Cristóbal Acasaguastlán', 5),
(59, 'Sanarate', 5),
(60, 'Sansare', 5),
(61, 'Guanagazapa', 6),
(62, 'Iztapa', 6),
(63, 'La Democracia', 6),
(64, 'La Gomera', 6),
(65, 'Masagua', 6),
(66, 'Nueva Concepción', 6),
(67, 'Palín', 6),
(68, 'San José', 6),
(69, 'San Vicente Pacaya', 6),
(70, 'Santa Lucía Cotzumalguapa', 6),
(71, 'Siquinalá', 6),
(72, 'Tiquisate', 6),
(73, 'Escuintla', 6),
(74, 'Chinautla', 7),
(75, 'Chuarrancho', 7),
(76, 'Guatemala', 7),
(77, 'Fraijanes', 7),
(78, 'Mixco', 7),
(79, 'Palencia', 7),
(80, 'San José del Golfo', 7),
(81, 'San José Pinula', 7),
(82, 'San Juan Sacatepéquez', 7),
(83, 'San Miguel Petapa', 7),
(84, 'San Pedro Ayampuc', 7),
(85, 'San Pedro Sacatepéquez', 7),
(86, 'San Raymundo', 7),
(87, 'Santa Catarina Pinula', 7),
(88, 'Villa Canales', 7),
(89, 'Villa Nueva', 7),
(90, 'Amatitlán', 7),
(91, 'Aguacatán', 8),
(92, 'Chiantla', 8),
(93, 'Colotenango', 8),
(94, 'Concepción Huista', 8),
(95, 'Cuilco', 8),
(96, 'Huehuetenango', 8),
(97, 'Jacaltenango', 8),
(98, 'La Democracia Huehuetenango', 8),
(99, 'La Libertad', 8),
(100, 'Malacatancito', 8),
(101, 'Nentón', 8),
(102, 'San Antonio Huista', 8),
(103, 'San Gaspar Ixchil', 8),
(104, 'San Ildefonso Ixtahuacán', 8),
(105, 'San Juan Atitán', 8),
(106, 'San Juan Ixcoy', 8),
(107, 'San Mateo Ixtatán', 8),
(108, 'San Miguel Acatán', 8),
(109, 'San Pedro Nécta', 8),
(110, 'San Pedro Soloma', 8),
(111, 'San Rafael La Independencia', 8),
(112, 'San Rafael Pétzal', 8),
(113, 'San Sebastián Coatán', 8),
(114, 'San Sebastián Huehuetenango', 8),
(115, 'Santa Ana Huista', 8),
(116, 'Santa Bárbara', 8),
(117, 'Santa Cruz Barillas', 8),
(118, 'Santa Eulalia', 8),
(119, 'Santiago Chimaltenango', 8),
(120, 'Tectitán', 8),
(121, 'Todos Santos Cuchumatán', 8),
(122, 'Unión Cantinil', 8),
(123, 'El Estor', 9),
(124, 'Livingston', 9),
(125, 'Los Amates', 9),
(126, 'Morales', 9),
(127, 'Puerto Barrios', 9),
(128, 'Jalapa', 10),
(129, 'Mataquescuintla', 10),
(130, 'Monjas', 10),
(131, 'San Carlos Alzatate', 10),
(132, 'San Luis Jilotepeque', 10),
(133, 'San Manuel Chaparrón', 10),
(134, 'San Pedro Pinula', 10),
(135, 'Agua Blanca', 11),
(136, 'Asunción Mita', 11),
(137, 'Atescatempa', 11),
(138, 'Comapa', 11),
(139, 'Conguaco', 11),
(140, 'El Adelanto', 11),
(141, 'El Progreso', 11),
(142, 'Jalpatagua', 11),
(143, 'Jerez', 11),
(144, 'Jutiapa', 11),
(145, 'Moyuta', 11),
(146, 'Pasaco', 11),
(147, 'Quesada', 11),
(148, 'San José Acatempa', 11),
(149, 'Santa Catarina Mita', 11),
(150, 'Yupiltepeque', 11),
(151, 'Zapotitlán', 11),
(152, 'Dolores', 12),
(153, 'El Chal', 12),
(154, 'Flores', 12),
(155, 'La Libertad', 12),
(156, 'Las Cruces', 12),
(157, 'Melchor de Mencos', 12),
(158, 'Poptún', 12),
(159, 'San Andrés', 12),
(160, 'San Benito', 12),
(161, 'San Francisco', 12),
(162, 'San José', 12),
(163, 'San Luis', 12),
(164, 'Santa Ana', 12),
(165, 'Sayaxché', 12),
(166, 'Almolonga', 13),
(167, 'Cabricán', 13),
(168, 'Cajolá', 13),
(169, 'Cantel', 13),
(170, 'Coatepeque', 13),
(171, 'Colomba Costa Cuca', 13),
(172, 'Concepción Chiquirichapa', 13),
(173, 'El Palmar', 13),
(174, 'Flores Costa Cuca', 13),
(175, 'Génova', 13),
(176, 'Huitán', 13),
(177, 'La Esperanza', 13),
(178, 'Olintepeque', 13),
(179, 'Palestina de Los Altos', 13),
(180, 'Quetzaltenango', 13),
(181, 'Salcajá', 13),
(182, 'San Carlos Sija', 13),
(183, 'San Francisco La Unión', 13),
(184, 'San Juan Ostuncalco', 13),
(185, 'San Martín Sacatepéquez', 13),
(186, 'San Mateo', 13),
(187, 'San Miguel Sigüilá', 13),
(188, 'Sibilia', 13),
(189, 'Zunil', 13),
(190, 'Canillá', 14),
(191, 'Chajul', 14),
(192, 'Chicamán', 14),
(193, 'Chiché', 14),
(194, 'Chichicastenango', 14),
(195, 'Chinique', 14),
(196, 'Cunén', 14),
(197, 'Ixcán Playa Grande', 14),
(198, 'Joyabaj', 14),
(199, 'Nebaj', 14),
(200, 'Pachalum', 14),
(201, 'Patzité', 14),
(202, 'Sacapulas', 14),
(203, 'San Andrés Sajcabajá', 14),
(204, 'San Antonio Ilotenango', 14),
(205, 'San Bartolomé Jocotenango', 14),
(206, 'San Juan Cotzal', 14),
(207, 'San Pedro Jocopilas', 14),
(208, 'Santa Cruz del Quiché', 14),
(209, 'Uspantán', 14),
(210, 'Zacualpa', 14),
(211, 'Champerico', 15),
(212, 'El Asintal', 15),
(213, 'Nuevo San Carlos', 15),
(214, 'Retalhuleu', 15),
(215, 'San Andrés Villa Seca', 15),
(216, 'San Felipe Reu', 15),
(217, 'San Martín Zapotitlán', 15),
(218, 'San Sebastián', 15),
(219, 'Santa Cruz Muluá', 15),
(220, 'Alotenango', 16),
(221, 'Ciudad Vieja', 16),
(222, 'Jocotenango', 16),
(223, 'Antigua Guatemala', 16),
(224, 'Magdalena Milpas Altas', 16),
(225, 'Pastores', 16),
(226, 'San Antonio Aguas Calientes', 16),
(227, 'San Bartolomé Milpas Altas', 16),
(228, 'San Lucas Sacatepéquez', 16),
(229, 'San Miguel Dueñas', 16),
(230, 'Santa Catarina Barahona', 16),
(231, 'Santa Lucía Milpas Altas', 16),
(232, 'Santa María de Jesús', 16),
(233, 'Santiago Sacatepéquez', 16),
(234, 'Santo Domingo Xenacoj', 16),
(235, 'Sumpango', 16),
(236, 'Ayutla', 17),
(237, 'Catarina', 17),
(238, 'Comitancillo', 17),
(239, 'Concepción Tutuapa', 17),
(240, 'El Quetzal', 17),
(241, 'El Tumbador', 17),
(242, 'Esquipulas Palo Gordo', 17),
(243, 'Ixchiguán', 17),
(244, 'La Blanca', 17),
(245, 'La Reforma', 17),
(246, 'Malacatán', 17),
(247, 'Nuevo Progreso', 17),
(248, 'Ocós', 17),
(249, 'Pajapita', 17),
(250, 'Río Blanco', 17),
(251, 'San Antonio Sacatepéquez', 17),
(252, 'San Cristóbal Cucho', 17),
(253, 'San José El Rodeo', 17),
(254, 'San José Ojetenam', 17),
(255, 'San Lorenzo', 17),
(256, 'San Marcos', 17),
(257, 'San Miguel Ixtahuacán', 17),
(258, 'San Pablo', 17),
(259, 'San Pedro Sacatepéquez', 17),
(260, 'San Rafael Pie de la Cuesta', 17),
(261, 'Sibinal', 17),
(262, 'Sipacapa', 17),
(263, 'Tacaná', 17),
(264, 'Tajumulco', 17),
(265, 'Tejutla', 17),
(266, 'Barberena', 18),
(267, 'Casillas', 18),
(268, 'Chiquimulilla', 18),
(269, 'Cuilapa', 18),
(270, 'Guazacapán', 18),
(271, 'Nueva Santa Rosa', 18),
(272, 'Oratorio', 18),
(273, 'Pueblo Nuevo Viñas', 18),
(274, 'San Juan Tecuaco', 18),
(275, 'San Rafael las Flores', 18),
(276, 'Santa Cruz Naranjo', 18),
(277, 'Santa María Ixhuatán', 18),
(278, 'Santa Rosa de Lima', 18),
(279, 'Taxisco', 18),
(280, 'Concepción', 19),
(281, 'Nahualá', 19),
(282, 'Panajachel', 19),
(283, 'San Andrés Semetabaj', 19),
(284, 'San Antonio Palopó', 19),
(285, 'San José Chacayá', 19),
(286, 'San Juan La Laguna', 19),
(287, 'San Lucas Tolimán', 19),
(288, 'San Marcos La Laguna', 19),
(289, 'San Pablo La Laguna', 19),
(290, 'San Pedro La Laguna', 19),
(291, 'Santa Catarina Ixtahuacán', 19),
(292, 'Santa Catarina Palopó', 19),
(293, 'Santa Clara La Laguna', 19),
(294, 'Santa Cruz La Laguna', 19),
(295, 'Santa Lucía Utatlán', 19),
(296, 'Santa María Visitación', 19),
(297, 'Santiago Atitlán', 19),
(298, 'Sololá', 19),
(299, 'Chicacao', 20),
(300, 'Cuyotenango', 20),
(301, 'Mazatenango', 20),
(302, 'Patulul', 20),
(303, 'Pueblo Nuevo', 20),
(304, 'Río Bravo', 20),
(305, 'Samayac', 20),
(306, 'San Antonio Suchitepéquez', 20),
(307, 'San Bernardino', 20),
(308, 'San Francisco Zapotitlán', 20),
(309, 'San Gabriel', 20),
(310, 'San José El Idolo', 20),
(311, 'San José La Maquina', 20),
(312, 'San Juan Bautista', 20),
(313, 'San Lorenzo', 20),
(314, 'San Miguel Panán', 20),
(315, 'San Pablo Jocopilas', 20),
(316, 'Santa Bárbara', 20),
(317, 'Santo Domingo Suchitepéquez', 20),
(318, 'Santo Tomás La Unión', 20),
(319, 'Zunilito', 20),
(320, 'Momostenango', 21),
(321, 'San Andrés Xecul', 21),
(322, 'San Bartolo', 21),
(323, 'San Cristóbal Totonicapán', 21),
(324, 'San Francisco El Alto', 21),
(325, 'Santa Lucía La Reforma', 21),
(326, 'Santa María Chiquimula', 21),
(327, 'Totonicapán', 21),
(328, 'Cabañas', 22),
(329, 'Estanzuela', 22),
(330, 'Gualán', 22),
(331, 'Huité', 22),
(332, 'La Unión', 22),
(333, 'Río Hondo', 22),
(334, 'San Diego', 22),
(335, 'San Jorge', 22),
(336, 'Teculután', 22),
(337, 'Usumatlán', 22),
(338, 'Zacapa', 22);

INSERT INTO `denuncias_negocios` (`id`, `nombre`) VALUES
(1, 'iShop'),
(2, 'Intelaf'),
(3, 'Domino\'s Pizza'),
(4, 'Banco Industrial'),
(14, 'Cable DX'),
(24, 'Campero'),
(44, 'Cemaco'),
(54, 'Futeca'),
(64, 'Maxi Despensa'),
(74, 'Café Los Ejes'),
(84, 'Banrural'),
(94, 'Adidas'),
(104, 'Puma'),
(114, 'Vienesa'),
(124, 'Sarita'),
(134, 'Despensa Familiar');

INSERT INTO `denuncias_quejas` (`id`, `queja`, `estado`, `creacion`, `sucursal_id`) VALUES
(104, 'Los precios de su tienda es mayor al que aparece en su sitio web.', 1, '2021-04-18 23:02:55.000000', 1);
INSERT INTO `denuncias_quejas` (`id`, `queja`, `estado`, `creacion`, `sucursal_id`) VALUES
(114, 'Los auriculares del teléfono <b>no son los originales</b>', 1, '2021-04-19 23:04:00.000000', 4);
INSERT INTO `denuncias_quejas` (`id`, `queja`, `estado`, `creacion`, `sucursal_id`) VALUES
(124, 'No me quisieron atender sino hasta 1 1/2 hora después. Las personas que entraron después si las atendieron.', 1, '2021-04-19 23:05:34.000000', 104);
INSERT INTO `denuncias_quejas` (`id`, `queja`, `estado`, `creacion`, `sucursal_id`) VALUES
(134, 'No están tomando la temperatura...', 1, '2021-04-20 23:06:27.000000', 54);
INSERT INTO `denuncias_quejas` (`id`, `queja`, `estado`, `creacion`, `sucursal_id`) VALUES
(144, 'Comi parado porque no hay espacio y el olor se junta y...', 1, '2021-04-20 23:09:16.000000', 34);
INSERT INTO `denuncias_quejas` (`id`, `queja`, `estado`, `creacion`, `sucursal_id`) VALUES
(154, '<p>La pizza la dan casi <b>CRUDA:</b></p><ol><li><b>Lista de queja</b></li><li><b>Lista de queja</b></li></ol>', 1, '2021-04-20 23:09:59.000000', 3);
INSERT INTO `denuncias_quejas` (`id`, `queja`, `estado`, `creacion`, `sucursal_id`) VALUES
(164, 'Me asaltaron solo salí del banco, tengo identificado a uno de los empleados...', 1, '2021-04-20 23:12:16.000000', 114);
INSERT INTO `denuncias_quejas` (`id`, `queja`, `estado`, `creacion`, `sucursal_id`) VALUES
(174, 'Prueba #n de esta noche...', 1, '2021-04-20 23:16:20.000000', 124);
INSERT INTO `denuncias_quejas` (`id`, `queja`, `estado`, `creacion`, `sucursal_id`) VALUES
(184, '<p>Prueba desde la madrugada</p>', 0, '2021-04-21 00:14:49.000000', 134);
INSERT INTO `denuncias_quejas` (`id`, `queja`, `estado`, `creacion`, `sucursal_id`) VALUES
(194, '<p>Muy no sé...</p>', 1, '2021-04-21 11:52:36.000000', 54);
INSERT INTO `denuncias_quejas` (`id`, `queja`, `estado`, `creacion`, `sucursal_id`) VALUES
(204, 'Los zapatos me salieron chuecos', 1, '2021-04-21 12:19:41.000000', 144);
INSERT INTO `denuncias_quejas` (`id`, `queja`, `estado`, `creacion`, `sucursal_id`) VALUES
(214, 'Se tardaron y me cobraron más del 20% de lo que consumí, amenazándome de...', 1, '2021-04-21 18:40:40.000000', 154);
INSERT INTO `denuncias_quejas` (`id`, `queja`, `estado`, `creacion`, `sucursal_id`) VALUES
(224, '<p>Prueba de time zone</p>', 1, '2021-04-21 12:44:48.000000', 154);
INSERT INTO `denuncias_quejas` (`id`, `queja`, `estado`, `creacion`, `sucursal_id`) VALUES
(234, 'No dan galones exactos', 0, '2021-04-21 18:59:26.000000', 164);
INSERT INTO `denuncias_quejas` (`id`, `queja`, `estado`, `creacion`, `sucursal_id`) VALUES
(244, '<p>Los panaderos no usan mascarillas al elaborar el panito</p>', 1, '2021-04-21 19:11:13.000000', 174);
INSERT INTO `denuncias_quejas` (`id`, `queja`, `estado`, `creacion`, `sucursal_id`) VALUES
(254, '<p>Me robaron frente a la tienda y sí, el ladrón era uno de los empleados</p>', 1, '2021-04-21 15:04:05.000000', 104);
INSERT INTO `denuncias_quejas` (`id`, `queja`, `estado`, `creacion`, `sucursal_id`) VALUES
(264, 'Me sirvieron un helado caliente', 1, '2021-04-21 15:08:44.000000', 184);
INSERT INTO `denuncias_quejas` (`id`, `queja`, `estado`, `creacion`, `sucursal_id`) VALUES
(274, '<p>Prueba del día jueves...</p>', 1, '2021-04-22 11:33:24.000000', 194);
INSERT INTO `denuncias_quejas` (`id`, `queja`, `estado`, `creacion`, `sucursal_id`) VALUES
(284, 'Segunda prueba del día&nbsp;', 1, '2021-04-22 11:34:00.000000', 194);
INSERT INTO `denuncias_quejas` (`id`, `queja`, `estado`, `creacion`, `sucursal_id`) VALUES
(294, '<p>En libres pedí un Mac y me trajeron una máquina con Windows</p>', 1, '2021-04-22 17:21:50.000000', 204);
INSERT INTO `denuncias_quejas` (`id`, `queja`, `estado`, `creacion`, `sucursal_id`) VALUES
(304, '<p><b>No me dejar entrar</b>, no sé por qué.</p>', 0, '2021-04-22 20:48:36.000000', 214);
INSERT INTO `denuncias_quejas` (`id`, `queja`, `estado`, `creacion`, `sucursal_id`) VALUES
(314, '<p>Me sirvieron un helado caliente...</p>', 0, '2021-04-22 21:11:20.000000', 224);

INSERT INTO `denuncias_regiones` (`id`, `nombre_reg`) VALUES
(1, 'Centro'),
(2, 'Norte'),
(3, 'Sur'),
(4, 'Oriente'),
(5, 'Occidente');

INSERT INTO `denuncias_sucursales` (`id`, `ubicacion`, `municipio_id`, `negocio_id`) VALUES
(1, 'Interplaza', 180, 2),
(2, 'Parque central', 327, 4),
(3, 'Zona 3', 327, 3),
(4, 'Miraflores', 76, 1),
(5, 'Cayalá', 76, 1),
(6, 'Pradera Concepción', 87, 1),
(7, 'Zona 2', 327, 14),
(8, 'Maya Mall', 154, 24),
(9, 'Cuatro caminos', 323, 24),
(10, 'Pradera', 180, 24),
(54, 'Benito Juárez', 180, 24),
(64, 'Interplaza', 180, 1),
(74, 'Majadas', 76, 1),
(84, 'Zona 10', 3, 64),
(94, '4ta. Calle', 16, 74),
(104, 'Pradera', 43, 1),
(114, 'Zona 4', 76, 84),
(124, 'Zona 9', 76, 2),
(134, 'Zona 5', 301, 24),
(144, 'Pradera', 180, 94),
(154, 'Parque central', 223, 24),
(164, 'El Tinajón', 180, 104),
(174, 'Zona 1', 327, 114),
(184, 'ZAC-3', 330, 124),
(194, '4ta. Calle', 338, 3),
(204, 'Pradera', 27, 1),
(214, 'Parque central', 3, 134),
(224, 'Zona 1', 327, 124);